"TransactionID","ID","Type","Price","Date","ModeratorUID"
"4","5146","Frog","2800.000000","2021-03-29","778697019497381898"
"5","2093","Alien","1400.000000","2021-03-29","387388450396962817"
"6","4347","Bear","800.000000","2021-03-29","777855472396402708"
"7","9576","Cat","750.000000","2021-03-29","756855081890218035"
"8","4960","Ape","500.000000","2021-03-29","406141374132518923"
"9","4176","Lion","600.000000","2021-03-29","641671029512732682"
"10","3026","Tiger","1350.000000","2021-03-29","696052420505108520"
"11","8822","Tiger","2100.000000","2021-03-29","777855472396402708"
"12","6829","Alien","800.000000","2021-03-29","756855081890218035"
"13","3550","Shark","2850.000000","2021-03-29","406141374132518923"
"14","7650","Bear","1400.000000","2021-03-29","406141374132518923"
"15","7951","Ape","500.000000","2021-03-29","406141374132518923"
"16","4268","Cat","650.000000","2021-03-29","777855472396402708"
"17","5696","Alien","500.000000","2021-03-29","641671029512732682"
"18","8575","Alien","500.000000","2021-03-29","641671029512732682"
"19","5044","Bear","700.000000","2021-03-29","641671029512732682"
"20","5656","Arcane","600.000000","2021-03-29","641671029512732682"
"21","4077","Dog","3500.000000","2021-03-29","641671029512732682"
"22","3032","Dog","825.000000","2021-03-29","777855472396402708"
"23","5814","Tiger","1500.000000","2021-03-29","778697019497381898"
"24","5289","Bear","800.000000","2021-03-29","641671029512732682"
"25","6713","Robot","600.000000","2021-03-29","814591508556152853"
"26","3104","Ape","600.000000","2021-03-29","395646837736079383"
"27","8705","Shark","3000.000000","2021-03-29","777855472396402708"
"28","7230","Rhino","6000.000000","2021-03-29","778697019497381898"
"29","7230","Rhino","6000.000000","2021-03-29","778697019497381898"
"30","6500","Robot","650.000000","2021-03-29","641671029512732682"
"31","7393","Alien","3000.000000","2021-03-29","395646837736079383"
"32","7393","Alien","3000.000000","2021-03-29","395646837736079383"
"33","1830","Tiger","950.000000","2021-03-29","777855472396402708"
"34","6216","Cat","400.000000","2021-03-29","777855472396402708"
"35","582","Dog","850.000000","2021-03-29","814591508556152853"
"36","4929","Wolf","7000.000000","2021-03-29","641671029512732682"
"37","6216","Cat","800.000000","2021-03-29","777855472396402708"
"38","7438","Elephant","9000.000000","2021-03-29","641671029512732682"
"39","7951","Ape","600.000000","2021-03-29","756855081890218035"
"40","4574","Lion","1050.000000","2021-03-29","756855081890218035"
"41","6663","Lion","4200.000000","2021-03-29","777855472396402708"
"42","1857","Ape","1000.000000","2021-03-29","641671029512732682"
"43","7152","Robot","1000.000000","2021-03-29","641671029512732682"
"44","6944","Dog","900.000000","2021-03-29","814591508556152853"
"45","1401","Dog","800.000000","2021-03-29","777855472396402708"
"46","3068","Bear","800.000000","2021-03-29","641671029512732682"
"47","4490","Robot","500.000000","2021-03-29","778697019497381898"
"48","624","Arcane","1000.000000","2021-03-29","778697019497381898"
"49","666","Bear","1100.000000","2021-03-29","756855081890218035"
"50","2817","Robot","700.000000","2021-03-29","641671029512732682"
"82","9808","Shark","2750.000000","2021-03-29","756855081890218035"
"83","1622","Alien","500.000000","2021-03-29","756855081890218035"
"84","5638","Arcane","700.000000","2021-03-29","777855472396402708"
"85","5133","Cat","650.000000","2021-03-29","756855081890218035"
"86","680","Dog","599.000000","2021-03-29","778697019497381898"
"87","9102","Lion","1500.000000","2021-03-29","778697019497381898"
"88","8265","Shark","3200.000000","2021-03-29","387388450396962817"
"89","3101","Cat","800.000000","2021-03-29","406141374132518923"
"90","4077","Dog","6000.000000","2021-03-29","777855472396402708"
"91","9808","Shark","3900.000000","2021-03-29","641671029512732682"
"92","14","Ape","900.000000","2021-03-29","748632073761193986"
"93","9069","Ape","1000.000000","2021-03-29","406141374132518923"
"94","2510","Dog","500.000000","2021-03-29","406141374132518923"
"95","7153","Alien","500.000000","2021-03-29","641671029512732682"
"96","4604","Dog","600.000000","2021-03-29","641671029512732682"
"97","2644","Dog","1500.000000","2021-03-29","641671029512732682"
"98","7951","Ape","550.000000","2021-03-29","395646837736079383"
"99","4054","Cat","650.000000","2021-03-29","641671029512732682"
"100","191","Robot","1500.000000","2021-03-29","395646837736079383"
"101","8349","Cat","750.000000","2021-03-29","655694349673431052"
"102","859","Tiger","600.000000","2021-03-29","395646837736079383"
"103","8889","Tiger","600.000000","2021-03-29","395646837736079383"
"104","5660","Tiger","800.000000","2021-03-29","655694349673431052"
"105","9579","Ape","1250.000000","2021-03-29","641671029512732682"
"106","9102","Lion","1720.000000","2021-03-29","406141374132518923"
"107","8265","Shark","5500.000000","2021-03-29","641671029512732682"
"108","2248","Lion","1000.000000","2021-03-29","406141374132518923"
"109","8349","Cat","950.000000","2021-03-29","395646837736079383"
"110","4597","Ape","1200.000000","2021-03-29","655694349673431052"
"111","2223","Ape","900.000000","2021-03-29","655694349673431052"
"112","5961","Ape","600.000000","2021-03-29","395646837736079383"
"113","6570","Shark","3200.000000","2021-03-29","641671029512732682"
"114","7951","Ape","1600.000000","2021-03-29","748632073761193986"
"115","4702","Frog","2000.000000","2021-03-29","655694349673431052"
"116","8394","Lion","1200.000000","2021-03-29","655694349673431052"
"117","4485","Alien","100.000000","2021-03-29","655694349673431052"
"118","4485","Alien","1000.000000","2021-03-29","655694349673431052"
"119","1789","Robot","1000.000000","2021-03-29","395646837736079383"
"120","5238","Robot","1000.000000","2021-03-29","395646837736079383"
"121","4860","Arcane","1050.000000","2021-03-29","513062717209444364"
"122","76","Arcane","1025.000000","2021-03-29","814591508556152853"
"123","6570","Shark","6250.000000","2021-03-29","387388450396962817"
"124","7884","Fish","11100.000000","2021-03-29","395646837736079383"
"125","3123","Rhino","5550.000000","2021-03-29","406141374132518923"
"126","8035","Tiger","1100.000000","2021-03-29","748632073761193986"
"127","5485","Shark","6000.000000","2021-03-29","655694349673431052"
"128","5086","Dog","1000.000000","2021-03-29","655694349673431052"
"129","4847","Bear","2000.000000","2021-03-29","655694349673431052"
"130","3663","Frog","2000.000000","2021-03-29","655694349673431052"
"131","6938","Cat","700.000000","2021-03-29","387388450396962817"
"132","5383","Wolf","5000.000000","2021-03-29","655694349673431052"
"133","5226","Frog","1400.000000","2021-03-29","513062717209444364"
"134","6520","Dog","700.000000","2021-03-29","756855081890218035"
"135","3252","Lion","3000.000000","2021-03-29","655694349673431052"
"136","8330","Lion","1000.000000","2021-03-29","513062717209444364"
"137","8617","Arcane","900.000000","2021-03-29","387388450396962817"
"138","2109","Bear","1150.000000","2021-03-29","756855081890218035"
"139","3281","Alien","777.000000","2021-03-29","513062717209444364"
"140","9866","Alien","600.000000","2021-03-29","406141374132518923"
"141","8330","Lion","1200.000000","2021-03-29","387388450396962817"
"142","7118","Bull","28000.000000","2021-03-29","470083392151748608"
"143","7424","Arcane","800.000000","2021-03-29","802267167650873422"
"144","4679","Dog","700.000000","2021-03-29","406141374132518923"
"145","6676","Dog","700.000000","2021-03-29","406141374132518923"
"146","1926","Parrot","1800.000000","2021-03-29","513062717209444364"
"147","7732","Dog","1550.000000","2021-03-29","513062717209444364"
"148","9241","Lion","1900.000000","2021-03-29","513062717209444364"
"149","6426","Alien","1750.000000","2021-03-29","513062717209444364"
"150","8741","Dog","646.000000","2021-03-29","802267167650873422"
"151","8505","Bear","1700.000000","2021-03-30","387388450396962817"
"152","4517","Tiger","700.000000","2021-03-30","387388450396962817"
"153","2672","Ape","1200.000000","2021-03-30","387388450396962817"
"154","3176","Arcane","780.000000","2021-03-30","802267167650873422"
"155","1478","Alien","650.000000","2021-03-30","641671029512732682"
"156","3528","Alien","750.000000","2021-03-30","641671029512732682"
"157","8589","Cat","800.000000","2021-03-30","641671029512732682"
"158","7974","Cat","700.000000","2021-03-30","641671029512732682"
"159","7717","Lion","900.000000","2021-03-30","641671029512732682"
"160","3144","Lion","1100.000000","2021-03-30","641671029512732682"
"161","6846","Cat","590.000000","2021-03-30","802267167650873422"
"162","3814","Bear","850.000000","2021-03-30","641671029512732682"
"163","1508","Robot","675.000000","2021-03-30","641671029512732682"
"164","6980","Parrot","1200.000000","2021-03-30","655694349673431052"
"165","6142","Arcane","950.000000","2021-03-30","655694349673431052"
"166","4235","Alien","600.000000","2021-03-30","655694349673431052"
"167","8957","Robot","600.000000","2021-03-30","655694349673431052"
"168","7721","Shark","3000.000000","2021-03-30","655694349673431052"
"169","2995","Dog","656.000000","2021-03-30","802267167650873422"
"170","1950","Cat","1200.000000","2021-03-30","655694349673431052"
"171","7698","Shark","4100.000000","2021-03-30","395451551629574144"
"172","9400","Robot","1050.000000","2021-03-30","395451551629574144"
"173","8073","Parrot","1600.000000","2021-03-30","387388450396962817"
"174","7136","Cat","800.000000","2021-03-30","395451551629574144"
"175","2360","Cat","700.000000","2021-03-30","802267167650873422"
"176","6692","Tiger","1400.000000","2021-03-30","406141374132518923"
"177","6005","Frog","3500.000000","2021-03-30","395451551629574144"
"178","6954","Ape","1000.000000","2021-03-30","513062717209444364"
"179","4377","Dog","400.000000","2021-03-30","513062717209444364"
"180","499","Alien","1540.000000","2021-03-30","395646837736079383"
"181","8116","Alien","815.000000","2021-03-30","802267167650873422"
"182","1722","Parrot","1500.000000","2021-03-30","406141374132518923"
"183","3746","Arcane","900.000000","2021-03-30","395646837736079383"
"184","4612","Arcane","1200.000000","2021-03-30","641671029512732682"
"185","2044","Robot","550.000000","2021-03-30","778697019497381898"
"186","6065","Tiger","1100.000000","2021-03-30","406141374132518923"
"187","2099","Ape","995.000000","2021-03-30","513062717209444364"
"188","5228","Alien","700.000000","2021-03-30","756855081890218035"
"189","8827","Dog","620.000000","2021-03-30","802267167650873422"
"190","5819","Cat","750.000000","2021-03-30","778697019497381898"
"191","8827","Dog","620.000000","2021-03-30","802267167650873422"
"192","4275","Tiger","600.000000","2021-03-30","641671029512732682"
"193","5761","Alien","550.000000","2021-03-30","387388450396962817"
"194","6093","Tiger","1050.000000","2021-03-30","406141374132518923"
"195","8963","Bull","35000.000000","2021-03-30","641671029512732682"
"196","2348","Dog","800.000000","2021-03-30","778697019497381898"
"197","4537","Cat","585.000000","2021-03-30","406141374132518923"
"198","2849","Alien","400.000000","2021-03-30","641671029512732682"
"199","2225","Elephant","14900.000000","2021-03-30","802267167650873422"
"200","4241","Alien","700.000000","2021-03-30","406141374132518923"
"201","2225","Elephant","14900.000000","2021-03-30","802267167650873422"
"202","448","Ape","480.000000","2021-03-30","777855472396402708"
"203","5435","Lion","3000.000000","2021-03-30","641671029512732682"
"204","3123","Rhino","7000.000000","2021-03-30","406141374132518923"
"205","1203","Dog","550.000000","2021-03-30","778697019497381898"
"206","3545","Robot","730.000000","2021-03-30","778697019497381898"
"207","6927","Arcane","870.000000","2021-03-30","777855472396402708"
"208","9102","Lion","700.000000","2021-03-30","641671029512732682"
"209","3370","Cat","600.000000","2021-03-30","655694349673431052"
"210","4483","Dog","600.000000","2021-03-30","655694349673431052"
"211","9447","Alien","600.000000","2021-03-30","655694349673431052"
"212","544","Cat","600.000000","2021-03-30","778697019497381898"
"213","7854","Dog","800.000000","2021-03-30","777855472396402708"
"214","2684","Frog","950.000000","2021-03-30","641671029512732682"
"215","6211","Alien","700.000000","2021-03-30","778697019497381898"
"216","8936","Rhino","6500.000000","2021-03-30","777855472396402708"
"217","7721","Shark","3500.000000","2021-03-30","778697019497381898"
"218","3300","Tiger","850.000000","2021-03-30","641671029512732682"
"219","7074","Cat","650.000000","2021-03-30","814591508556152853"
"220","9953","Arcane","700.000000","2021-03-30","777855472396402708"
"221","6486","Robot","620.000000","2021-03-30","641671029512732682"
"222","5761","Alien","600.000000","2021-03-30","778697019497381898"
"223","8166","Arcane","700.000000","2021-03-30","814591508556152853"
"224","9971","Cat","550.000000","2021-03-30","802267167650873422"
"225","9321","Alien","600.000000","2021-03-30","778697019497381898"
"226","8925","Alien","600.000000","2021-03-30","641671029512732682"
"227","8280","Frog","1200.000000","2021-03-30","641671029512732682"
"228","6348","Parrot","1500.000000","2021-03-30","778697019497381898"
"229","1203","Dog","700.000000","2021-03-30","777855472396402708"
"230","7691","Tiger","700.000000","2021-03-30","641671029512732682"
"231","760","Tiger","700.000000","2021-03-30","778697019497381898"
"232","7466","Arcane","1250.000000","2021-03-30","655694349673431052"
"233","7134","Bear","800.000000","2021-03-30","802267167650873422"
"234","1245","Cat","480.000000","2021-03-30","778697019497381898"
"235","7134","Bear","1000.000000","2021-03-30","641671029512732682"
"236","2820","Robot","500.000000","2021-03-30","802267167650873422"
"237","3782","Lion","650.000000","2021-03-30","406141374132518923"
"238","8657","Robot","1200.000000","2021-03-30","778697019497381898"
"239","5619","Robot","500.000000","2021-03-30","655694349673431052"
"240","9762","Dog","500.000000","2021-03-30","641671029512732682"
"241","4612","Arcane","1150.000000","2021-03-30","406141374132518923"
"242","8266","Ape","500.000000","2021-03-30","641671029512732682"
"243","2735","Ape","620.000000","2021-03-30","655694349673431052"
"244","6256","Tiger","700.000000","2021-03-30","778697019497381898"
"245","9175","Bear","1200.000000","2021-03-30","387388450396962817"
"246","7000","Cat","475.000000","2021-03-30","395646837736079383"
"247","580","Rhino","5000.000000","2021-03-30","513062717209444364"
"248","7721","Shark","4000.000000","2021-03-30","513062717209444364"
"249","7884","Fish","13000.000000","2021-03-30","395646837736079383"
"250","458","Cat","650.000000","2021-03-30","513062717209444364"
"251","5444","Cat","500.000000","2021-03-30","778697019497381898"
"252","8863","Dog","900.000000","2021-03-30","387388450396962817"
"253","4676","Ape","725.000000","2021-03-30","641671029512732682"
"254","1571","Ape","450.000000","2021-03-30","655694349673431052"
"255","9846","Alien","450.000000","2021-03-30","655694349673431052"
"256","6454","Alien","450.000000","2021-03-30","655694349673431052"
"257","3743","Robot","850.000000","2021-03-30","778697019497381898"
"258","4485","Alien","425.000000","2021-03-30","641671029512732682"
"259","9389","Bear","1500.000000","2021-03-30","395646837736079383"
"260","5138","Cat","780.000000","2021-03-30","406141374132518923"
"261","9326","Alien","600.000000","2021-03-30","387388450396962817"
"262","9559","Alien","750.000000","2021-03-30","387388450396962817"
"263","65","Tiger","1200.000000","2021-03-30","641671029512732682"
"264","4171","Ape","700.000000","2021-03-30","641671029512732682"
"265","8860","Cat","820.000000","2021-03-30","387388450396962817"
"266","2960","Cat","675.000000","2021-03-30","641671029512732682"
"267","3068","Bear","760.000000","2021-03-30","778697019497381898"
"268","8266","Ape","475.000000","2021-03-30","513062717209444364"
"269","3923","Robot","1000.000000","2021-03-30","777855472396402708"
"270","7424","Arcane","1000.000000","2021-03-30","778697019497381898"
"271","6857","Frog","1400.000000","2021-03-30","778697019497381898"
"272","2423","Frog","950.000000","2021-03-30","387388450396962817"
"273","233","Tiger","641.000000","2021-03-30","802267167650873422"
"274","5341","Frog","855.000000","2021-03-31","802267167650873422"
"275","3207","Parrot","800.000000","2021-03-30","802267167650873422"
"276","9646","Alien","450.000000","2021-03-30","387388450396962817"
"277","225","Dog","500.000000","2021-03-30","802267167650873422"
"278","8032","Fish","9000.000000","2021-03-30","756855081890218035"
"279","4713","Alien","500.000000","2021-03-30","655694349673431052"
"280","1764","Rhino","5000.000000","2021-03-30","802267167650873422"
"281","6486","Robot","800.000000","2021-03-30","655694349673431052"
"282","7221","Cat","1100.000000","2021-03-30","802267167650873422"
"283","9646","Alien","550.000000","2021-03-30","802267167650873422"
"284","2820","Robot","800.000000","2021-03-30","802267167650873422"
"285","4719","Frog","5000.000000","2021-03-30","655694349673431052"
"286","5895","Shark","3750.000000","2021-03-30","395451551629574144"
"287","3127","Frog","1500.000000","2021-03-30","802267167650873422"
"288","5056","Tiger","600.000000","2021-03-30","655694349673431052"
"289","5608","Bear","1500.000000","2021-03-30","655694349673431052"
"290","6212","Frog","1100.000000","2021-03-30","395451551629574144"
"291","8940","Shark","4000.000000","2021-03-30","655694349673431052"
"292","1508","Robot","650.000000","2021-03-30","655694349673431052"
"293","1038","Cat","550.000000","2021-03-30","802267167650873422"
"294","6846","Cat","550.000000","2021-03-30","655694349673431052"
"295","125","Robot","550.000000","2021-03-30","395451551629574144"
"296","7894","Cat","700.000000","2021-03-30","655694349673431052"
"297","3568","Parrot","1350.000000","2021-03-30","655694349673431052"
"298","699","Cat","730.000000","2021-03-30","395451551629574144"
"299","3234","Arcane","1100.000000","2021-03-30","655694349673431052"
"300","3570","Frog","2000.000000","2021-03-30","655694349673431052"
"301","9615","Tiger","2000.000000","2021-03-30","655694349673431052"
"302","3912","Shark","6000.000000","2021-03-30","655694349673431052"
"303","8638","Dog","420.000000","2021-03-30","395451551629574144"
"304","976","Frog","1800.000000","2021-03-30","655694349673431052"
"305","7721","Shark","3500.000000","2021-03-30","655694349673431052"
"306","6140","Cat","750.000000","2021-03-30","655694349673431052"
"307","9729","Cat","1250.000000","2021-03-30","655694349673431052"
"308","157","Cat","1250.000000","2021-03-30","655694349673431052"
"309","3594","Dog","725.000000","2021-03-30","395451551629574144"
"310","7201","Ape","800.000000","2021-03-30","655694349673431052"
"311","1105","Dog","700.000000","2021-03-30","395451551629574144"
"312","5004","Dog","900.000000","2021-03-30","395451551629574144"
"313","835","Shark","4000.000000","2021-03-31","641671029512732682"
"314","6495","Ape","600.000000","2021-03-31","406141374132518923"
"315","4783","Bear","900.000000","2021-03-31","406141374132518923"
"316","8890","Lion","750.000000","2021-03-31","395646837736079383"
"317","4501","Ape","2200.000000","2021-03-31","777855472396402708"
"318","4908","Bear","900.000000","2021-03-31","406141374132518923"
"319","9351","Lion","1200.000000","2021-03-31","406141374132518923"
"320","8387","Bear","900.000000","2021-03-31","395646837736079383"
"321","5805","Cat","600.000000","2021-03-31","395646837736079383"
"322","8784","Parrot","1400.000000","2021-03-31","819289444992417882"
"323","2969","Dog","650.000000","2021-03-31","406141374132518923"
"324","583","Arcane","1100.000000","2021-03-31","655694349673431052"
"325","9021","Ape","1200.000000","2021-03-31","814591508556152853"
"326","4177","Wolf","6700.000000","2021-03-31","641671029512732682"
"327","1276","Tiger","600.000000","2021-03-31","641671029512732682"
"328","6440","Cat","600.000000","2021-03-31","395646837736079383"
"329","757","Dog","750.000000","2021-03-31","814591508556152853"
"330","3207","Parrot","1050.000000","2021-03-31","777855472396402708"
"331","8301","Bear","500.000000","2021-03-31","641671029512732682"
"332","1366","Robot","1214.000000","2021-03-31","777855472396402708"
"333","1058","Parrot","1050.000000","2021-03-31","641671029512732682"
"334","1926","Parrot","1100.000000","2021-03-31","395646837736079383"
"335","25","Arcane","2900.000000","2021-03-31","395646837736079383"
"336","3826","Rhino","6000.000000","2021-03-31","406141374132518923"
"337","6796","Ape","950.000000","2021-03-31","777855472396402708"
"338","4604","Dog","570.000000","2021-03-31","395646837736079383"
"339","9726","Arcane","1000.000000","2021-03-31","641671029512732682"
"340","552","Cat","500.000000","2021-03-31","655694349673431052"
"341","1146","Robot","450.000000","2021-03-31","655694349673431052"
"342","4942","Dog","950.000000","2021-03-31","406141374132518923"
"343","7032","Alien","525.000000","2021-03-31","696052420505108520"
"344","4669","Alien","500.000000","2021-03-31","641671029512732682"
"345","6129","Cat","475.000000","2021-03-31","513062717209444364"
"346","9587","Wolf","6700.000000","2021-03-31","655694349673431052"
"347","9969","Dog","700.000000","2021-03-31","655694349673431052"
"348","8741","Dog","450.000000","2021-03-31","406141374132518923"
"349","5691","Cat","475.000000","2021-03-31","513062717209444364"
"350","8529","Elephant","15000.000000","2021-03-31","778697019497381898"
"351","9956","Cat","800.000000","2021-03-31","655694349673431052"
"352","6761","Cat","800.000000","2021-03-31","655694349673431052"
"353","4337","Cat","1300.000000","2021-03-31","395646837736079383"
"354","3525","Dog","600.000000","2021-03-31","395646837736079383"
"355","2995","Dog","815.000000","2021-03-31","655694349673431052"
"356","1126","Alien","700.000000","2021-03-31 12:58:52.447","406141374132518923"
"357","5478","Cat","700.000000","2021-03-31 12:59:17.947","406141374132518923"
"358","5593","Cat","500.000000","2021-03-31 13:00:06.024","655694349673431052"
"359","2629","Parrot","1600.000000","2021-03-31 13:00:44.158","406141374132518923"
"360","6028","Tiger","1000.000000","2021-03-31 13:01:08.340","406141374132518923"
"361","9133","Robot","1000.000000","2021-03-31 13:01:36.450","406141374132518923"
"362","6114","Arcane","1000.000000","2021-03-31 13:07:18.611","513062717209444364"
"363","8381","Arcane","1000.000000","2021-03-31 13:07:38.097","513062717209444364"
"364","5282","Lion","1500.000000","2021-03-31 13:08:02.357","513062717209444364"
"365","4528","Ape","600.000000","2021-03-31 13:15:55.030","395646837736079383"
"366","3307","Dog","625.000000","2021-03-31 13:18:56.148","802267167650873422"
"367","2854","Arcane","650.000000","2021-03-31 13:20:22.995","655694349673431052"
"368","2142","Ape","900.000000","2021-03-31 13:22:41.691","778697019497381898"
"369","4669","Alien","600.000000","2021-03-31 13:55:36.387","819289444992417882"
"370","8770","Tiger","970.000000","2021-03-31 14:15:02.075","395646837736079383"
"371","7282","Robot","594.000000","2021-03-31 14:17:13.289","513062717209444364"
"372","397","Robot","600.000000","2021-03-31 14:27:11.446","819289444992417882"
"373","3042","Cat","385.000000","2021-03-31 16:07:45.327","513062717209444364"
"374","2869","Alien","385.000000","2021-03-31 16:08:39.256","513062717209444364"
"375","8997","Dog","475.000000","2021-03-31 16:46:07.424","513062717209444364"
"376","2799","Cat","437.000000","2021-03-31 17:02:10.603","513062717209444364"
"377","5582","Wolf","6900.000000","2021-03-31 17:09:06.597","395451551629574144"
"378","6944","Dog","634.000000","2021-03-31 17:51:07.085","513062717209444364"
"379","6114","Arcane","1425.000000","2021-03-31 17:56:28.298","470083392151748608"
"380","1958","Alien","425.000000","2021-03-31 17:57:55.781","470083392151748608"
"381","8972","Shark","4000.000000","2021-03-31 18:08:07.758","513062717209444364"
"382","9035","Lion","900.000000","2021-03-31 18:17:27.245","470083392151748608"
"383","6404","Cat","1000.000000","2021-03-31 18:26:47.337","470083392151748608"
"384","1960","Cat","650.000000","2021-03-31 18:33:05.700","470083392151748608"
"385","5869","Robot","650.000000","2021-03-31 18:42:52.725","470083392151748608"
"386","7686","Tiger","500.000000","2021-03-31 19:00:21.105","470083392151748608"
"387","9883","Dog","550.000000","2021-03-31 19:40:34.839","641671029512732682"
"388","7702","Bear","850.000000","2021-03-31 19:42:09.672","802267167650873422"
"389","6279","Alien","500.000000","2021-03-31 19:47:55.724","641671029512732682"
"390","6236","Cat","500.000000","2021-03-31 19:57:12.098","641671029512732682"
"391","4371","Robot","550.000000","2021-03-31 20:00:43.391","641671029512732682"
"392","7518","Arcane","750.000000","2021-03-31 20:05:42.511","802267167650873422"
"393","9305","Cat","800.000000","2021-03-31 20:09:33.973","641671029512732682"
"394","1501","Arcane","950.000000","2021-03-31 20:51:39.216","802267167650873422"
"395","4838","Dog","850.000000","2021-03-31 21:01:27.413","395451551629574144"
"396","1288","Shark","3500.000000","2021-03-31 21:12:49.179","641671029512732682"
"397","5142","Bear","600.000000","2021-03-31 21:16:54.572","641671029512732682"
"398","3846","Parrot","1150.000000","2021-03-31 22:29:26.761","641671029512732682"
"399","7689","Ape","500.000000","2021-03-31 22:43:28.848","406141374132518923"
"400","9948","Ape","625.000000","2021-03-31 22:59:21.005","778697019497381898"
"401","6812","Lion","1600.000000","2021-04-01 01:14:45.768","387388450396962817"
"403","1191","Dog","550.000000","2021-04-01 01:40:35.953","756855081890218035"
"404","9696","Arcane","17000.000000","2021-04-01 01:44:54.929","756855081890218035"
"405","544","Cat","450.000000","2021-04-01 01:48:35.846","406141374132518923"
"406","8809","Lion","456.000000","2021-04-01 02:07:56.694","778697019497381898"
"407","4176","Lion","1800.000000","2021-04-01 02:32:06.541","777855472396402708"
"408","7377","Ape","500.000000","2021-04-01 02:41:52.854","778697019497381898"
"409","8880","Ape","500.000000","2021-04-01 02:42:06.612","778697019497381898"
"410","4880","Ape","500.000000","2021-04-01 02:42:14.271","778697019497381898"
"411","7055","Frog","1900.000000","2021-04-01 04:35:40.490","778697019497381898"
"412","2424","Alien","450.000000","2021-04-01 04:42:35.577","641671029512732682"
"413","3214","Elephant","15000.000000","2021-04-01 05:08:57.100","641671029512732682"
"414","6212","Frog","1400.000000","2021-04-01 05:12:31.841","777855472396402708"
"415","7452","Cat","600.000000","2021-04-01 05:15:33.714","814591508556152853"
"416","7075","Dog","450.000000","2021-04-01 05:50:12.383","814591508556152853"
"417","4273","Wolf","4500.000000","2021-04-01 06:01:57.056","777855472396402708"
"418","1030","Frog","1700.000000","2021-04-01 06:06:07.648","819289444992417882"
"419","9940","Wolf","7500.000000","2021-04-01 06:19:17.488","641671029512732682"
"420","1973","Alien","500.000000","2021-04-01 06:25:15.751","777855472396402708"
"421","101","Arcane","800.000000","2021-04-01 06:31:25.437","387388450396962817"
"422","1307","Lion","3100.000000","2021-04-01 07:02:05.379","641671029512732682"
"423","8906","Alien","500.000000","2021-04-01 07:21:22.481","641671029512732682"
"424","1492","Cat","600.000000","2021-04-01 07:26:23.157","387388450396962817"
"425","8997","Dog","550.000000","2021-04-01 07:40:07.787","406141374132518923"
"426","7206","Cat","550.000000","2021-04-01 07:40:30.634","406141374132518923"
"427","7201","Ape","1300.000000","2021-04-01 07:42:28.943","387388450396962817"
"428","1710","Fish","8500.000000","2021-04-01 07:54:51.685","387388450396962817"
"429","7207","Frog","1000.000000","2021-04-01 07:57:00.532","748632073761193986"
"430","8809","Lion","750.000000","2021-04-01 08:06:01.610","406141374132518923"
"431","5802","Alien","450.000000","2021-04-01 08:14:54.620","814591508556152853"
"432","324","Alien","1500.000000","2021-04-01 08:20:11.195","641671029512732682"
"433","3683","Alien","400.000000","2021-04-01 08:59:08.100","778697019497381898"
"434","1508","Robot","515.000000","2021-04-01 09:11:12.926","655694349673431052"
"435","3978","Parrot","1150.000000","2021-04-01 09:28:13.416","655694349673431052"
"436","8346","Cat","500.000000","2021-04-01 09:54:39.193","778697019497381898"
"437","8688","Bear","1000.000000","2021-04-01 09:59:56.113","655694349673431052"
"438","9883","Dog","550.000000","2021-04-01 10:06:31.216","641671029512732682"
"439","8688","Bear","1000.000000","2021-04-01 10:20:35.333","655694349673431052"
"440","1164","Bear","1000.000000","2021-04-01 10:29:50.144","655694349673431052"
"441","2139","Cat","600.000000","2021-04-01 10:38:52.498","778697019497381898"
"442","4852","Bear","3500.000000","2021-04-01 10:48:28.892","641671029512732682"
"443","7473","Dog","550.000000","2021-04-01 11:12:44.600","778697019497381898"
"444","4762","Tiger","850.000000","2021-04-01 11:19:43.056","655694349673431052"
"445","7082","Dog","650.000000","2021-04-01 11:19:56.523","655694349673431052"
"446","8103","Alien","400.000000","2021-04-01 11:48:56.758","387388450396962817"
"447","3543","Frog","835.000000","2021-04-01 11:56:19.695","655694349673431052"
"448","6984","Bear","1000.000000","2021-04-01 12:07:31.193","387388450396962817"
"449","7268","Robot","750.000000","2021-04-01 12:08:41.250","641671029512732682"
"450","1260","Bear","1650.000000","2021-04-01 12:23:28.601","778697019497381898"
"451","2327","Parrot","960.000000","2021-04-01 12:34:23.861","406141374132518923"
"452","9300","Cat","400.000000","2021-04-01 12:42:33.398","778697019497381898"
"453","2051","Bear","800.000000","2021-04-01 13:10:19.480","641671029512732682"
"454","5125","Robot","380.000000","2021-04-01 13:27:37.914","819289444992417882"
"455","2139","Cat","500.000000","2021-04-01 13:44:05.139","655694349673431052"
"456","3145","Dog","550.000000","2021-04-01 14:06:18.858","778697019497381898"
"457","7326","Alien","800.000000","2021-04-01 14:35:46.629","655694349673431052"
"458","1757","Ape","500.000000","2021-04-01 14:57:23.761","778697019497381898"
"459","5743","Robot","475.000000","2021-04-01 15:17:31.710","513062717209444364"
"460","5079","Robot","500.000000","2021-04-01 15:52:02.513","513062717209444364"
"461","4224","Arcane","800.000000","2021-04-01 16:22:05.907","778697019497381898"
"462","7955","Alien","550.000000","2021-04-01 16:39:03.633","513062717209444364"
"463","2596","Robot","650.000000","2021-04-01 16:39:55.117","814591508556152853"
"464","8728","Alien","550.000000","2021-04-01 17:43:41.277","395646837736079383"
"465","2042","Tiger","1000.000000","2021-04-01 18:10:42.525","513062717209444364"
"466","3635","Lion","17000.000000","2021-04-01 18:16:17.190","470083392151748608"
"467","4173","Ape","1000.000000","2021-04-01 18:28:07.623","470083392151748608"
"468","7438","Elephant","20000.000000","2021-04-01 18:54:18.654","513062717209444364"
"469","7698","Shark","3500.000000","2021-04-01 18:56:50.638","513062717209444364"
"470","5802","Alien","600.000000","2021-04-01 19:08:04.923","814591508556152853"
"471","8156","Wolf","9000.000000","2021-04-01 19:28:25.575","802267167650873422"
"472","264","Tiger","1000.000000","2021-04-01 19:31:59.811","470083392151748608"
"473","6159","Arcane","1500.000000","2021-04-01 20:02:17.231","814591508556152853"
"474","9881","Dog","700.000000","2021-04-01 20:18:51.261","814591508556152853"
"475","9602","Dog","650.000000","2021-04-01 20:41:46.851","814591508556152853"
"476","7302","Ape","850.000000","2021-04-01 20:57:19.241","802267167650873422"
"477","9216","Dog","700.000000","2021-04-01 21:10:10.524","802267167650873422"
"478","3951","Cat","2200.000000","2021-04-01 21:15:14.590","655694349673431052"
"479","4169","Lion","600.000000","2021-04-01 21:15:34.708","655694349673431052"
"480","652","Ape","750.000000","2021-04-01 21:18:01.793","395451551629574144"
"481","2804","Frog","1800.000000","2021-04-01 21:37:55.073","802267167650873422"
"482","3362","Frog","1500.000000","2021-04-01 22:53:06.271","802267167650873422"
"483","84","Dog","2000.000000","2021-04-02 00:19:22.107","655694349673431052"
"484","3683","Alien","500.000000","2021-04-02 00:19:33.844","641671029512732682"
"485","3543","Frog","920.000000","2021-04-02 00:24:33.920","395646837736079383"
"486","8166","Arcane","900.000000","2021-04-02 00:28:57.290","641671029512732682"
"487","7506","Ape","550.000000","2021-04-02 01:13:13.586","655694349673431052"
"488","1757","Ape","700.000000","2021-04-02 01:39:07.664","655694349673431052"
"489","5788","Alien","700.000000","2021-04-02 01:39:16.788","655694349673431052"
"491","5946","Alien","500.000000","2021-04-02 01:45:03.459","641671029512732682"
"492","5912","Arcane","2000.000000","2021-04-02 02:49:15.736","641671029512732682"
"493","1439","Bear","1000.000000","2021-04-02 02:50:23.548","387388450396962817"
"494","1462","Lion","1400.000000","2021-04-02 03:38:58.640","778697019497381898"
"495","1462","Lion","1400.000000","2021-04-02 03:39:06.215","778697019497381898"
"496","7818","Dog","600.000000","2021-04-02 03:44:19.565","655694349673431052"
"497","9812","Parrot","1150.000000","2021-04-02 03:52:55.047","802267167650873422"
"498","2342","Robot","921.000000","2021-04-02 03:57:33.021","641671029512732682"
"499","8367","Robot","650.000000","2021-04-02 04:04:34.993","655694349673431052"
"500","1136","Fish","11000.000000","2021-04-02 04:47:59.952","655694349673431052"
"501","7050","Dog","850.000000","2021-04-02 05:30:47.836","655694349673431052"
"502","3264","Ape","925.000000","2021-04-02 05:48:49.301","387388450396962817"
"503","4634","Cat","550.000000","2021-04-02 06:44:29.840","655694349673431052"
"504","8865","Dog","800.000000","2021-04-02 07:17:22.779","655694349673431052"
"505","8951","Alien","550.000000","2021-04-02 07:40:30.056","406141374132518923"
"506","8763","Frog","1000.000000","2021-04-02 07:45:31.949","641671029512732682"
"507","899","Ape","500.000000","2021-04-02 07:50:30.440","802267167650873422"
"508","9909","Parrot","975.000000","2021-04-02 07:51:07.525","395646837736079383"
"509","2500","Dog","550.000000","2021-04-02 07:54:37.903","655694349673431052"
"510","8386","Robot","777.000000","2021-04-02 08:30:54.354","802267167650873422"
"511","5523","Lion","800.000000","2021-04-02 08:46:17.003","778697019497381898"
"512","9388","Cat","550.000000","2021-04-02 09:28:17.990","641671029512732682"
"513","2596","Robot","900.000000","2021-04-02 09:39:03.690","387388450396962817"
"514","2397","Dog","500.000000","2021-04-02 09:59:52.095","778697019497381898"
"515","3165","Cat","1200.000000","2021-04-02 10:10:55.429","387388450396962817"
"516","1186","Parrot","950.000000","2021-04-02 10:14:32.844","655694349673431052"
"517","5863","Dog","555.000000","2021-04-02 10:28:50.099","696052420505108520"
"518","6014","Robot","710.000000","2021-04-02 10:31:01.408","406141374132518923"
"519","2173","Alien","800.000000","2021-04-02 11:22:54.272","696052420505108520"
"520","6474","Alien","550.000000","2021-04-02 11:27:23.184","641671029512732682"
"521","2220","Ape","680.000000","2021-04-02 11:38:58.804","655694349673431052"
"522","8330","Lion","1050.000000","2021-04-02 11:40:52.098","406141374132518923"
"523","7991","Lion","1800.000000","2021-04-02 12:03:38.840","778697019497381898"
"524","7741","Cat","650.000000","2021-04-02 12:09:12.241","696052420505108520"
"525","892","Lion","2000.000000","2021-04-02 12:18:47.695","641671029512732682"
"526","5421","Cat","780.000000","2021-04-02 12:48:54.051","655694349673431052"
"527","3706","Lion","1200.000000","2021-04-02 13:16:57.507","406141374132518923"
"528","7702","Bear","875.000000","2021-04-02 13:20:14.238","778697019497381898"
"529","313","Arcane","4000.000000","2021-04-02 13:26:15.623","696052420505108520"
"530","7104","Robot","700.000000","2021-04-02 13:26:29.677","696052420505108520"
"531","8479","Dog","900.000000","2021-04-02 13:27:14.102","641671029512732682"
"532","8555","Robot","550.000000","2021-04-02 13:40:29.700","387388450396962817"
"533","7207","Frog","1500.000000","2021-04-02 13:45:32.340","655694349673431052"
"534","73","Frog","1100.000000","2021-04-02 14:03:04.439","802267167650873422"
"535","1688","Tiger","900.000000","2021-04-02 14:09:00.041","513062717209444364"
"536","3173","Frog","1300.000000","2021-04-02 14:19:06.266","778697019497381898"
"537","756","Shark","7200.000000","2021-04-02 14:29:06.644","406141374132518923"
"538","7698","Shark","6000.000000","2021-04-02 14:29:36.093","406141374132518923"
"539","1314","Robot","3500.000000","2021-04-02 14:29:55.147","406141374132518923"
"540","1688","Tiger","1200.000000","2021-04-02 14:33:21.208","641671029512732682"
"541","7896","Alien","650.000000","2021-04-02 15:24:40.417","655694349673431052"
"542","4476","Ape","600.000000","2021-04-02 15:47:29.484","513062717209444364"
"543","9300","Cat","550.000000","2021-04-02 15:52:27.615","406141374132518923"
"544","2465","Ape","600.000000","2021-04-02 15:52:36.793","778697019497381898"
"545","4538","Lion","1000.000000","2021-04-02 16:14:15.644","513062717209444364"
"546","4494","Tiger","1400.000000","2021-04-02 16:15:36.390","641671029512732682"
"547","1415","Cat","550.000000","2021-04-02 16:39:30.963","778697019497381898"
"548","7818","Dog","700.000000","2021-04-02 17:07:19.015","406141374132518923"
"549","5276","Dog","550.000000","2021-04-02 17:14:29.053","513062717209444364"
"550","228","Robot","575.000000","2021-04-02 17:53:37.506","641671029512732682"
"551","1653","Dog","1500.000000","2021-04-02 18:27:10.796","814591508556152853"
"552","6576","Arcane","700.000000","2021-04-02 19:33:20.682","814591508556152853"
"553","375","Cat","650.000000","2021-04-02 19:43:23.070","387388450396962817"
"554","5383","Wolf","60000.000000","2021-04-02 20:51:08.622","802267167650873422"
"555","7976","Wolf","5500.000000","2021-04-02 21:06:38.953","814591508556152853"
"556","3649","Lion","850.000000","2021-04-02 21:35:09.831","802267167650873422"
"557","5690","Dog","550.000000","2021-04-02 21:47:40.170","387388450396962817"
"558","6526","Arcane","1200.000000","2021-04-02 22:09:04.756","802267167650873422"
"559","7278","Cat","600.000000","2021-04-02 22:26:35.709","387388450396962817"
"560","4254","Cat","650.000000","2021-04-02 23:19:09.633","387388450396962817"
"561","5927","Fish","10000.000000","2021-04-03 00:55:53.558","655694349673431052"
"562","3918","Cat","14000.000000","2021-04-03 00:56:20.748","655694349673431052"
"563","4493","Shark","8000.000000","2021-04-03 00:56:38.312","655694349673431052"
"564","2205","Wolf","11000.000000","2021-04-03 00:56:59.069","655694349673431052"
"565","9388","Cat","1000.000000","2021-04-03 00:57:14.994","655694349673431052"
"566","1920","Bear","1000.000000","2021-04-03 01:46:16.084","387388450396962817"
"567","5965","Cat","465.000000","2021-04-03 02:55:13.374","641671029512732682"
"568","8705","Shark","3500.000000","2021-04-03 03:11:12.663","655694349673431052"
"569","1508","Robot","700.000000","2021-04-03 04:11:53.093","406141374132518923"
"570","5226","Frog","1400.000000","2021-04-03 04:34:53.010","387388450396962817"
"571","4973","Cat","465.000000","2021-04-03 05:26:00.499","655694349673431052"
"572","3309","Ape","500.000000","2021-04-03 05:53:32.512","387388450396962817"
"573","1400","Cat","550.000000","2021-04-03 06:59:47.411","696052420505108520"
"574","1290","Ape","550.000000","2021-04-03 07:30:20.908","655694349673431052"
"575","8226","Parrot","1075.000000","2021-04-03 07:46:46.878","395646837736079383"
"576","6284","Tiger","700.000000","2021-04-03 08:06:14.638","696052420505108520"
"577","3309","Ape","500.000000","2021-04-03 08:07:52.915","387388450396962817"
"578","7732","Dog","1050.000000","2021-04-03 08:24:36.195","395646837736079383"
"579","5209","Cat","500.000000","2021-04-03 08:36:40.028","655694349673431052"
"580","2866","Ape","650.000000","2021-04-03 09:41:50.747","778697019497381898"
"581","756","Shark","5000.000000","2021-04-03 10:30:47.065","696052420505108520"
"582","3659","Bear","3250.000000","2021-04-03 10:54:32.380","641671029512732682"
"583","2857","Parrot","950.000000","2021-04-03 13:28:08.024","395646837736079383"
"584","9762","Dog","1250.000000","2021-04-03 13:34:10.917","406141374132518923"
"585","8299","Dog","650.000000","2021-04-03 14:25:51.905","387388450396962817"
"586","1960","Cat","930.000000","2021-04-03 15:21:39.025","641671029512732682"
"587","3065","Lion","835.000000","2021-04-03 15:58:08.033","778697019497381898"
"588","7114","Robot","925.000000","2021-04-03 19:13:14.090","814591508556152853"
"589","5320","Tiger","725.000000","2021-04-03 19:13:57.266","814591508556152853"
"590","6932","Dog","800.000000","2021-04-03 19:14:35.127","814591508556152853"
"591","5437","Ape","1250.000000","2021-04-03 19:15:12.830","814591508556152853"
"592","9824","Bear","900.000000","2021-04-03 19:45:28.511","814591508556152853"
"593","2153","Arcane","1450.000000","2021-04-03 20:18:53.568","470083392151748608"
"594","5072","Alien","750.000000","2021-04-03 20:19:08.764","470083392151748608"
"595","8338","Alien","700.000000","2021-04-03 20:50:26.875","470083392151748608"
"596","9014","Fish","8000.000000","2021-04-03 22:54:41.240","395451551629574144"
"597","5780","Alien","720.000000","2021-04-04 02:43:56.420","387388450396962817"
"598","757","Dog","550.000000","2021-04-04 07:25:24.775","655694349673431052"
"599","5437","Ape","400.000000","2021-04-04 08:06:31.515","641671029512732682"
"600","119","Robot","400.000000","2021-04-04 08:20:45.764","406141374132518923"
"601","7219","Ape","450.000000","2021-04-04 08:47:15.416","696052420505108520"
"602","7886","Ape","650.000000","2021-04-04 08:50:09.856","387388450396962817"
"603","3611","Robot","600.000000","2021-04-04 09:02:20.061","655694349673431052"
"604","6204","Alien","460.000000","2021-04-04 10:23:43.231","406141374132518923"
"605","3837","Dog","1400.000000","2021-04-04 13:19:38.929","655694349673431052"
"606","8396","Ape","890.000000","2021-04-04 13:42:26.594","641671029512732682"
"607","8327","Alien","440.000000","2021-04-04 14:15:09.769","406141374132518923"
"608","6317","Frog","750.000000","2021-04-04 14:54:27.003","513062717209444364"
"609","7865","Dog","100.000000","2021-04-04 16:33:32.662","387388450396962817"
"610","1083","Frog","1800.000000","2021-04-04 22:09:01.804","470083392151748608"
"611","50","Robot","900.000000","2021-04-04 22:40:31.464","802267167650873422"
"612","6858","Cat","400.000000","2021-04-05 01:36:10.574","802267167650873422"
"613","5226","Frog","800.000000","2021-04-05 13:47:03.082","641671029512732682"
"614","801","Alien","450.000000","2021-04-05 14:16:29.527","406141374132518923"
"615","7865","Dog","500.000000","2021-04-05 15:22:12.225","802267167650873422"
"616","7143","Ape","750.000000","2021-04-05 16:12:21.627","655694349673431052"
"617","6258","Ape","450.000000","2021-04-05 17:24:10.984","696052420505108520"
"618","1432","Bear","620.000000","2021-04-05 18:02:40.926","655694349673431052"
"619","6256","Tiger","950.000000","2021-04-05 19:14:31.722","641671029512732682"
"620","4747","Tiger","460.000000","2021-04-05 20:06:23.639","406141374132518923"
"621","8930","Arcane","627.000000","2021-04-05 20:14:06.966","655694349673431052"
"622","681","Alien","390.000000","2021-04-05 20:29:11.816","641671029512732682"
"623","3811","Robot","400.000000","2021-04-05 20:56:42.072","655694349673431052"
"624","1572","Ape","420.000000","2021-04-05 22:33:26.249","696052420505108520"
"625","1492","Cat","500.000000","2021-04-06 00:53:19.835","814591508556152853"
"626","8395","Bear","680.000000","2021-04-06 01:26:51.494","814591508556152853"
"627","1789","Robot","600.000000","2021-04-06 01:26:54.258","470083392151748608"
"628","2769","Robot","1100.000000","2021-04-06 02:17:00.138","470083392151748608"
"629","4020","Cat","400.000000","2021-04-06 03:10:14.652","814591508556152853"
"630","7634","Bear","900.000000","2021-04-06 03:11:47.363","814591508556152853"
"631","8810","Cat","700.000000","2021-04-06 05:27:26.738","802267167650873422"
"632","536","Fish","6500.000000","2021-04-06 09:43:16.792","387388450396962817"
"633","785","Cat","370.000000","2021-04-06 11:20:49.723","406141374132518923"
"634","5219","Cat","370.000000","2021-04-06 13:55:38.697","778697019497381898"
"635","3384","Fish","5200.000000","2021-04-06 14:40:25.705","387388450396962817"
"636","6446","Tiger","2000.000000","2021-04-06 15:48:59.717","655694349673431052"
"637","7282","Robot","500.000000","2021-04-06 16:09:23.547","406141374132518923"
"638","5863","Dog","440.000000","2021-04-06 16:33:42.875","641671029512732682"
"639","1622","Alien","365.000000","2021-04-06 16:37:53.041","641671029512732682"
"640","5863","Dog","440.000000","2021-04-06 16:42:03.095","641671029512732682"
"641","580","Rhino","3500.000000","2021-04-06 18:33:34.621","778697019497381898"
"642","2326","Bear","600.000000","2021-04-06 19:25:45.821","387388450396962817"
"643","0","Frog","3800.000000","2021-04-06 19:53:07.341","655694349673431052"
"644","3270","Bear","500.000000","2021-04-06 20:09:47.538","406141374132518923"
"645","6550","Arcane","600.000000","2021-04-06 20:10:01.948","406141374132518923"
"646","3237","Cat","400.000000","2021-04-06 20:47:00.457","802267167650873422"
"647","7502","Tiger","590.000000","2021-04-06 20:48:27.535","641671029512732682"
"648","5123","Frog","1400.000000","2021-04-06 20:53:21.246","696052420505108520"
"649","6340","Ape","350.000000","2021-04-06 21:54:16.408","513062717209444364"
"650","8558","Bear","700.000000","2021-04-06 21:56:17.970","641671029512732682"
"651","7934","Ape","400.000000","2021-04-06 22:17:52.679","778697019497381898"
"652","4636","Dog","350.000000","2021-04-06 22:30:19.695","395646837736079383"
"653","785","Cat","400.000000","2021-04-06 22:46:59.473","641671029512732682"
"654","7340","Ape","450.000000","2021-04-06 22:51:11.067","387388450396962817"
"655","8962","Parrot","800.000000","2021-04-06 23:10:25.815","406141374132518923"
"656","1887","Alien","1145.000000","2021-04-07 03:57:14.463","814591508556152853"
"657","6932","Dog","745.000000","2021-04-07 03:57:40.290","814591508556152853"
"658","1862","Bear","1000.000000","2021-04-07 05:54:12.486","470083392151748608"
"659","6128","Ape","400.000000","2021-04-07 08:15:25.206","756855081890218035"
"660","4894","Ape","450.000000","2021-04-07 10:36:54.763","655694349673431052"
"661","9805","Tiger","900.000000","2021-04-07 11:30:08.915","406141374132518923"
"662","5086","Dog","400.000000","2021-04-07 13:00:35.560","641671029512732682"
"663","6003","Tiger","400.000000","2021-04-07 13:39:00.705","641671029512732682"
"664","3750","Cat","400.000000","2021-04-07 13:47:51.705","655694349673431052"
"665","5683","Wolf","3600.000000","2021-04-07 14:25:11.626","641671029512732682"
"666","1576","Bull","25000.000000","2021-04-07 15:26:05.155","406141374132518923"
"667","4054","Cat","350.000000","2021-04-07 15:37:41.673","641671029512732682"
"668","3213","Dog","400.000000","2021-04-07 16:14:45.172","641671029512732682"
"669","4383","Cat","400.000000","2021-04-07 16:27:11.929","778697019497381898"
"670","5743","Robot","450.000000","2021-04-07 17:23:54.742","696052420505108520"
"671","4670","Arcane","900.000000","2021-04-07 17:36:10.617","814591508556152853"
"672","7630","Tiger","600.000000","2021-04-07 17:36:33.500","814591508556152853"
"673","5602","Dog","300.000000","2021-04-07 17:36:53.384","814591508556152853"
"674","2634","Lion","1400.000000","2021-04-07 17:46:55.765","641671029512732682"
"675","796","Cat","400.000000","2021-04-07 19:05:33.012","778697019497381898"
"676","9288","Ape","300.000000","2021-04-07 19:43:53.626","802267167650873422"
"677","7873","Ape","1000.000000","2021-04-07 20:03:52.598","655694349673431052"
"678","7114","Robot","625.000000","2021-04-07 20:35:54.826","513062717209444364"
"679","7886","Ape","1025.000000","2021-04-07 20:36:39.184","513062717209444364"
"680","331","Bear","1700.000000","2021-04-07 22:04:27.176","696052420505108520"
"681","5659","Elephant","10000.000000","2021-04-07 22:14:15.100","814591508556152853"
"682","8951","Alien","525.000000","2021-04-07 22:26:48.499","387388450396962817"
"683","681","Alien","520.000000","2021-04-07 22:26:56.531","387388450396962817"
"684","6474","Alien","525.000000","2021-04-07 22:27:09.371","387388450396962817"
"685","6949","Parrot","580.000000","2021-04-07 22:27:25.882","387388450396962817"
"686","2500","Dog","650.000000","2021-04-07 22:27:37.573","387388450396962817"
"687","4860","Arcane","3400.000000","2021-04-07 22:27:50.593","387388450396962817"
"688","9726","Arcane","535.000000","2021-04-07 22:40:54.065","641671029512732682"
"689","5028","Dog","600.000000","2021-04-07 22:44:43.713","641671029512732682"
"690","4434","Alien","370.000000","2021-04-07 22:57:44.305","641671029512732682"
"691","1461","Dog","700.000000","2021-04-08 01:10:47.119","406141374132518923"
"692","3674","Ape","650.000000","2021-04-08 01:54:18.485","814591508556152853"
"693","9696","Arcane","17500.000000","2021-04-08 03:06:35.413","814591508556152853"
"694","1629","Ape","380.000000","2021-04-08 03:10:36.247","802267167650873422"
"695","6694","Robot","400.000000","2021-04-08 05:44:36.198","802267167650873422"
"696","5876","Fish","7000.000000","2021-04-08 07:28:31.722","387388450396962817"
"697","3923","Robot","470.000000","2021-04-08 09:27:59.222","641671029512732682"
"698","8395","Bear","650.000000","2021-04-08 12:53:12.577","641671029512732682"
"699","7167","Alien","350.000000","2021-04-08 13:40:00.598","641671029512732682"
"700","3684","Cat","400.000000","2021-04-08 13:49:52.659","387388450396962817"
"701","4383","Cat","650.000000","2021-04-08 14:48:33.305","395646837736079383"
"702","5085","Bear","1350.000000","2021-04-08 15:33:40.812","641671029512732682"
"703","8283","Parrot","800.000000","2021-04-08 18:37:53.758","655694349673431052"
"704","6502","Dog","350.000000","2021-04-08 19:46:08.565","395646837736079383"
"705","4276","Ape","300.000000","2021-04-08 21:57:54.853","778697019497381898"
"706","957","Bear","450.000000","2021-04-09 01:23:48.850","696052420505108520"
"707","5723","Parrot","833.000000","2021-04-09 01:40:19.717","696052420505108520"
"708","6957","Tiger","700.000000","2021-04-09 04:43:23.850","802267167650873422"
"709","9657","Cat","700.000000","2021-04-09 04:51:38.857","802267167650873422"
"710","4376","Lion","1060.000000","2021-04-09 13:58:05.108","655694349673431052"
"711","2062","Ape","380.000000","2021-04-09 14:18:02.548","641671029512732682"
"712","9587","Wolf","3900.000000","2021-04-09 14:26:56.485","395646837736079383"
"713","8285","Frog","900.000000","2021-04-09 14:41:47.937","406141374132518923"
"714","6427","Parrot","750.000000","2021-04-09 14:42:06.717","406141374132518923"
"715","3357","Parrot","700.000000","2021-04-09 16:36:18.165","778697019497381898"
"716","801","Alien","460.000000","2021-04-09 17:09:29.448","641671029512732682"
"717","2220","Ape","550.000000","2021-04-09 19:00:37.298","777855472396402708"
"718","7562","Lion","1100.000000","2021-04-09 19:00:56.571","777855472396402708"
"719","9372","Cat","900.000000","2021-04-09 19:19:13.171","696052420505108520"
"720","8777","Arcane","850.000000","2021-04-09 20:04:31.373","655694349673431052"
"721","4670","Arcane","240.000000","2021-04-10 02:13:37.241","696052420505108520"
"722","4017","Cat","240.000000","2021-04-10 02:15:06.888","696052420505108520"
"723","2964","Frog","1750.000000","2021-04-10 04:02:01.913","696052420505108520"
"724","430","Alien","600.000000","2021-04-10 08:50:33.589","387388450396962817"
"725","6146","Elephant","7500.000000","2021-04-10 11:28:10.676","395646837736079383"
"726","1948","Cat","600.000000","2021-04-10 14:37:27.925","387388450396962817"
"727","9883","Dog","900.000000","2021-04-10 14:37:33.679","387388450396962817"
"728","5285","Ape","1100.000000","2021-04-10 14:37:42.967","387388450396962817"
"729","4173","Ape","1400.000000","2021-04-10 14:37:51.635","387388450396962817"
"730","98","Lion","750.000000","2021-04-10 14:47:20.073","802267167650873422"
"731","8194","Parrot","600.000000","2021-04-10 16:05:46.770","406141374132518923"
"732","3895","Cat","572.000000","2021-04-10 18:15:40.483","395646837736079383"
"733","2923","Tiger","8533.000000","2021-04-10 18:26:17.086","778697019497381898"
"734","6910","Bear","500.000000","2021-04-10 19:12:24.218","802267167650873422"
"735","3659","Bear","6500.000000","2021-04-13 08:05:25.178","767641890928721961"
"736","2637","Lion","440.000000","2021-04-13 08:07:17.113","767641890928721961"
"737","693","Dog","400.000000","2021-04-13 08:07:29.799","767641890928721961"
"738","3425","Cat","300.000000","2021-04-13 08:08:28.374","767641890928721961"
"739","6249","Tiger","360.000000","2021-04-13 08:09:14.045","767641890928721961"
"740","220","Lion","1500.000000","2021-04-13 08:11:07.420","767641890928721961"
"741","1496","Alien","350.000000","2021-04-13 08:14:10.294","767641890928721961"
"742","8294","Cat","500.000000","2021-04-13 08:15:12.792","767641890928721961"
"743","5994","Dog","400.000000","2021-04-13 08:16:06.679","767641890928721961"
"744","4017","Cat","350.000000","2021-04-13 08:18:36.813","767641890928721961"
"745","801","Alien","600.000000","2021-04-13 08:19:12.463","767641890928721961"
"746","9613","Bear","500.000000","2021-04-13 08:20:31.337","767641890928721961"
"747","5602","Dog","375.000000","2021-04-13 08:39:28.239","767641890928721961"
"748","1627","Frog","1450.000000","2021-04-13 08:44:17.229","767641890928721961"
"749","4747","Tiger","450.000000","2021-04-13 08:45:15.978","767641890928721961"
"750","4008","Tiger","6000.000000","2021-04-13 08:46:43.914","767641890928721961"
"751","5162","Bear","2250.000000","2021-04-13 08:48:26.672","767641890928721961"
"752","9274","Bear","350.000000","2021-04-13 08:52:36.364","767641890928721961"
"753","6183","Lion","1000.000000","2021-04-13 08:53:58.685","767641890928721961"
"754","9314","Bear","800.000000","2021-04-13 08:54:45.956","767641890928721961"
"755","7320","Ape","500.000000","2021-04-13 17:36:42.602","655694349673431052"
"756","5442","Dog","425.000000","2021-04-13 17:37:42.732","655694349673431052"
"757","763","Tiger","550.000000","2021-04-13 18:09:59.237","641671029512732682"
"758","4597","Ape","1000.000000","2021-04-13 20:27:08.504","406141374132518923"
"759","2093","Alien","800.000000","2021-04-13 20:27:50.972","406141374132518923"
"760","1257","Arcane","550.000000","2021-04-14 14:38:22.443","655694349673431052"
"761","5972","Cat","350.000000","2021-04-14 14:38:48.067","655694349673431052"
"762","9971","Cat","350.000000","2021-04-14 14:40:03.318","655694349673431052"
"763","268","Cat","450.000000","2021-04-14 14:41:40.949","655694349673431052"
"764","5996","Cat","350.000000","2021-04-14 15:43:01.234","774466831771500555"
"765","7502","Tiger","400.000000","2021-04-14 18:15:19.112","655694349673431052"
"766","5996","Cat","350.000000","2021-04-14 18:15:37.632","655694349673431052"
"767","1257","Arcane","550.000000","2021-04-14 18:16:09.276","655694349673431052"
"768","5972","Cat","350.000000","2021-04-14 18:16:30.515","655694349673431052"
"769","7642","Shark","1600.000000","2021-04-14 21:00:31.923","767641890928721961"
"770","7845","Bull","25000.000000","2021-04-15 02:10:46.051","767641890928721961"
"771","7451","Parrot","625.000000","2021-04-15 04:57:14.449","767641890928721961"
"772","8102","Bear","450.000000","2021-04-15 16:56:28.458","655694349673431052"
"773","7214","Elephant","14000.000000","2021-04-15 18:00:48.699","655694349673431052"
"774","7132","Dog","450.000000","2021-04-15 18:03:32.655","774466831771500555"
"775","343","Parrot","2500.000000","2021-04-16 04:09:39.397","814591508556152853"
"776","7199","Bear","300.000000","2021-04-16 04:16:45.432","767641890928721961"
"777","1175","Ape","300.000000","2021-04-16 05:56:36.258","655694349673431052"
"778","9014","Fish","7500.000000","2021-04-16 13:30:59.765","814591508556152853"
"779","7243","Tiger","700.000000","2021-04-16 18:02:08.296","655694349673431052"
"780","8190","Alien","360.000000","2021-04-16 18:02:27.540","655694349673431052"
"781","7766","Dog","450.000000","2021-04-16 18:02:49.255","655694349673431052"
"782","4129","Ape","330.000000","2021-04-17 03:11:53.732","814591508556152853"
"783","3825","Dog","380.000000","2021-04-17 13:49:54.728","774466831771500555"
"784","2304","Lion","550.000000","2021-04-17 16:21:26.062","655694349673431052"
"785","4129","Ape","330.000000","2021-04-17 16:22:49.269","655694349673431052"
"786","3827","Dino","70000.000000","2021-04-17 18:51:40.586","655694349673431052"
"787","6526","Arcane","1763.000000","2021-04-17 21:34:14.821","767641890928721961"
"788","2220","Ape","360.000000","2021-04-18 04:55:15.835","814591508556152853"
"789","619","Ape","550.000000","2021-04-18 06:18:38.911","767641890928721961"
"790","5751","Elephant","9500.000000","2021-04-18 15:46:06.088","655694349673431052"
"791","1888","Parrot","750.000000","2021-04-18 16:52:16.532","767641890928721961"
"792","8904","Arcane","990.000000","2021-04-18 17:10:44.554","774466831771500555"
"793","9531","Rhino","9500.000000","2021-04-18 17:26:22.635","767641890928721961"
"794","1780","Alien","325.000000","2021-04-18 18:36:18.815","814591508556152853"
"795","8182","Lion","650.000000","2021-04-18 18:36:51.454","814591508556152853"
"796","7701","Dog","350.000000","2021-04-18 18:49:12.300","774466831771500555"
